Model,Accuracy,ProcessingTime
Naive Bayes,0.9523809523809523,0.0012090206146240234
LSTM,0.9285714285714286,10.738526105880737
